Time,Cm,Cd,Cl,Cl(f),Cl(r)
50,1.700130e+00,2.503078e+00,1.132010e+00,2.266135e+00,-1.134126e+00
